Model,Accuracy,Precision,Recall,F1-Score,AUC
CatBoost,0.6,0.45454545454545453,0.7142857142857143,0.5555555555555556,0.4725274725274725
Random Forest,0.55,0.4166666666666667,0.7142857142857143,0.5263157894736842,0.5
Gradient Boosting,0.55,0.4166666666666667,0.7142857142857143,0.5263157894736842,0.5604395604395604
XGBoost,0.5,0.38461538461538464,0.7142857142857143,0.5,0.5824175824175823
Naive Bayes,0.5,0.38461538461538464,0.7142857142857143,0.5,0.4945054945054945
KNN,0.45,0.35714285714285715,0.7142857142857143,0.47619047619047616,0.510989010989011
SVM,0.35,0.2857142857142857,0.5714285714285714,0.38095238095238093,0.4725274725274725
Logistic Regression,0.5,0.2857142857142857,0.2857142857142857,0.2857142857142857,0.3736263736263736
